Workbook

Sheet 요약
A1: 요구사항 명세서 v1.1 요약
A2: v0.8.2를 기준으로 아동 서비스·보호자 서버 분리 구조(2-Spring 아키텍처 v0.4)를 반영하고, v1.0에서 결정했으나 v0.8.2에 빠졌던 항목을 복원했다. 팀 결정이 필요한 항목은 v0.8.2의 내용을 유지한다.
A3: ="전체 "&B9&"건. Must "&B24&"건, Should "&C24&"건, Could "&D24&"건. 활성 핵심 "&B13&"개 + 아동 쉬기 적용 미정 1개 + 보조 설정 "&B14&"개." -> 전체 66건. Must 52건, Should 11건, Could 3건. 활성 핵심 29개 + 아동 쉬기 적용 미정 1개 + 보조 설정 1개.
A4: 기존 7개 시트·66개 요구사항 ID·우선순위와 자유대화/연습/기록 흐름을 유지한다. 01~30 번호에서 기존 상태 변형을 활용하며 독립 화면을 추가하지 않는다.
A5: 요구사항에서 ID별 완료 기준을 확인한다. 공통규칙에는 확정 구조, 연결별 처리, 결정 완료·ADR 값·결정 필요(D-CON), 상황별 검수 기준(AC-CON)을 구분했다.
A7: 1. 전체 규모
A8: 항목 | B8: 개수 | C8: 설명
A9: 전체 요구사항 | B9: =COUNTA('요구사항'!$A$2:$A$67) -> 66 | C9: FR + NFR. 구조 결정에 따른 연결·종료 규칙 수정, v1.0 결정 복원
A10: 기능 요구사항 (FR) | B10: =COUNTIF('요구사항'!$B$2:$B$67,"FR") -> 61
A11: 비기능 요구사항 (NFR) | B11: =COUNTIF('요구사항'!$B$2:$B$67,"NFR") -> 5
A12: 제외·이관 항목 | B12: =COUNTA('제외·이관'!$A$2:$A$30)-COUNTIF('제외·이관'!$D$2:$D$30,"복귀 (v0.8)")-COUNTIF('제외·이관'!$D$2:$D$30,"개정 원문 보관 (v0.8.1)")-COUNTIF('제외·이관'!$D$2:$D$30,"개정 원문 보관 (v1.1)") -> 13 | C12: 현행 제외·이관 13건. 이전 버전의 복귀·개정 원문 보관은 집계 제외
A13: 활성 핵심 화면 | B13: =COUNTA('화면'!$A$2:$A$31)-COUNTIF('화면'!$E$2:$E$31,"적용 결정 필요 (아동 쉬기 전용)") -> 29 | C13: 29개. 13 아동 쉬기 전용 참조는 적용 결정 필요
A14: 보조 설정 화면 | B14: =COUNTA('화면'!$A$32) -> 1 | C14: SET-01 종료 표현 설정. 기존 T20 규칙 유지
A15: 2. 영역 × 우선순위
A16: 구분 | B16: Must | C16: Should | D16: Could | E16: Won't | F16: 보류 | G16: 합계
A17: A 계정·동의·기기 | B17: =COUNTIFS('요구사항'!$C$2:$C$67,$A17,'요구사항'!$F$2:$F$67,B$16) -> 7 | C17: =COUNTIFS('요구사항'!$C$2:$C$67,$A17,'요구사항'!$F$2:$F$67,C$16) -> 3 | D17: =COUNTIFS('요구사항'!$C$2:$C$67,$A17,'요구사항'!$F$2:$F$67,D$16) -> 0 | E17: =COUNTIFS('요구사항'!$C$2:$C$67,$A17,'요구사항'!$F$2:$F$67,E$16) -> 0 | F17: =COUNTIFS('요구사항'!$C$2:$C$67,$A17,'요구사항'!$F$2:$F$67,F$16) -> 0 | G17: =SUM(B17:F17) -> 10
A18: B 자유대화 | B18: =COUNTIFS('요구사항'!$C$2:$C$67,$A18,'요구사항'!$F$2:$F$67,B$16) -> 6 | C18: =COUNTIFS('요구사항'!$C$2:$C$67,$A18,'요구사항'!$F$2:$F$67,C$16) -> 3 | D18: =COUNTIFS('요구사항'!$C$2:$C$67,$A18,'요구사항'!$F$2:$F$67,D$16) -> 1 | E18: =COUNTIFS('요구사항'!$C$2:$C$67,$A18,'요구사항'!$F$2:$F$67,E$16) -> 0 | F18: =COUNTIFS('요구사항'!$C$2:$C$67,$A18,'요구사항'!$F$2:$F$67,F$16) -> 0 | G18: =SUM(B18:F18) -> 10
A19: C 연습 | B19: =COUNTIFS('요구사항'!$C$2:$C$67,$A19,'요구사항'!$F$2:$F$67,B$16) -> 6 | C19: =COUNTIFS('요구사항'!$C$2:$C$67,$A19,'요구사항'!$F$2:$F$67,C$16) -> 2 | D19: =COUNTIFS('요구사항'!$C$2:$C$67,$A19,'요구사항'!$F$2:$F$67,D$16) -> 0 | E19: =COUNTIFS('요구사항'!$C$2:$C$67,$A19,'요구사항'!$F$2:$F$67,E$16) -> 0 | F19: =COUNTIFS('요구사항'!$C$2:$C$67,$A19,'요구사항'!$F$2:$F$67,F$16) -> 0 | G19: =SUM(B19:F19) -> 8
A20: D 기록·리포트 | B20: =COUNTIFS('요구사항'!$C$2:$C$67,$A20,'요구사항'!$F$2:$F$67,B$16) -> 4 | C20: =COUNTIFS('요구사항'!$C$2:$C$67,$A20,'요구사항'!$F$2:$F$67,C$16) -> 0 | D20: =COUNTIFS('요구사항'!$C$2:$C$67,$A20,'요구사항'!$F$2:$F$67,D$16) -> 1 | E20: =COUNTIFS('요구사항'!$C$2:$C$67,$A20,'요구사항'!$F$2:$F$67,E$16) -> 0 | F20: =COUNTIFS('요구사항'!$C$2:$C$67,$A20,'요구사항'!$F$2:$F$67,F$16) -> 0 | G20: =SUM(B20:F20) -> 5
A21: E 아동 기기 | B21: =COUNTIFS('요구사항'!$C$2:$C$67,$A21,'요구사항'!$F$2:$F$67,B$16) -> 10 | C21: =COUNTIFS('요구사항'!$C$2:$C$67,$A21,'요구사항'!$F$2:$F$67,C$16) -> 1 | D21: =COUNTIFS('요구사항'!$C$2:$C$67,$A21,'요구사항'!$F$2:$F$67,D$16) -> 0 | E21: =COUNTIFS('요구사항'!$C$2:$C$67,$A21,'요구사항'!$F$2:$F$67,E$16) -> 0 | F21: =COUNTIFS('요구사항'!$C$2:$C$67,$A21,'요구사항'!$F$2:$F$67,F$16) -> 0 | G21: =SUM(B21:F21) -> 11
A22: F 서버·시스템 | B22: =COUNTIFS('요구사항'!$C$2:$C$67,$A22,'요구사항'!$F$2:$F$67,B$16) -> 15 | C22: =COUNTIFS('요구사항'!$C$2:$C$67,$A22,'요구사항'!$F$2:$F$67,C$16) -> 2 | D22: =COUNTIFS('요구사항'!$C$2:$C$67,$A22,'요구사항'!$F$2:$F$67,D$16) -> 0 | E22: =COUNTIFS('요구사항'!$C$2:$C$67,$A22,'요구사항'!$F$2:$F$67,E$16) -> 0 | F22: =COUNTIFS('요구사항'!$C$2:$C$67,$A22,'요구사항'!$F$2:$F$67,F$16) -> 0 | G22: =SUM(B22:F22) -> 17
A23: N 비기능 | B23: =COUNTIFS('요구사항'!$C$2:$C$67,$A23,'요구사항'!$F$2:$F$67,B$16) -> 4 | C23: =COUNTIFS('요구사항'!$C$2:$C$67,$A23,'요구사항'!$F$2:$F$67,C$16) -> 0 | D23: =COUNTIFS('요구사항'!$C$2:$C$67,$A23,'요구사항'!$F$2:$F$67,D$16) -> 1 | E23: =COUNTIFS('요구사항'!$C$2:$C$67,$A23,'요구사항'!$F$2:$F$67,E$16) -> 0 | F23: =COUNTIFS('요구사항'!$C$2:$C$67,$A23,'요구사항'!$F$2:$F$67,F$16) -> 0 | G23: =SUM(B23:F23) -> 5
A24: 합계 | B24: =SUM(B17:B23) -> 52 | C24: =SUM(C17:C23) -> 11 | D24: =SUM(D17:D23) -> 3 | E24: =SUM(E17:E23) -> 0 | F24: =SUM(F17:F23) -> 0 | G24: =SUM(G17:G23) -> 66
A26: 3. 구조 결정 반영 (아동 서비스·보호자 서버 분리)
A27: 아동 기기는 세션 토큰으로 아동 서비스에만 연결하고 아동 서비스가 GPT Live를 서버 간 연결로 중계한다. 기기 검색·등록·페어링은 두지 않는다. 기록은 모두 보호자 서버에 통합 저장한다.
A28: 연결은 기기 연결·음성 모델 연결·부모 앱 연결로 구분한다. 음성 대화 장애는 아동 서비스가 직접 확인하고, 보호자 서버의 상태 미수신은 기기 상태 확인 불가로만 표시한다. ‘관리 연결만 장애’ 상태는 없어졌다.
A29: 종료 요청과 종료 확인을 분리하고 그 사이를 종료 처리 중으로 표시한다. 종료 확인은 아동 서비스가 하므로 기기 연결이 끊겨도 종료를 확정할 수 있다. 푸시 발송·알림 선택 시 재조회 규칙은 유지한다.
A30: 4분+기본 2분은 정상 연결에서 아동 서비스가 확인한 실제 공백에만 적용한다. 장애·미확인 시간을 합산하지 않으며 장애 판정·복구 시간은 ADR 값이다.
A31: 4. v1.0 결정 복원·팀 결정 유지·검수
A32: v1.0 결정 복원: 로그인 상태 유지(FR-A01), 참여 전 준비 취소 시 취소 사실·시각만 기록(활동 시작 조건), 동의 철회 전 기록 유지·철회 후 도착 자료 미저장(FR-A08), 결과 상태 ‘생성 실패’, 기본 종료 표현 ‘무중아 그만할래’.
A33: 팀 결정은 v0.8.2 유지: 종료 의도 인식 방식, 쉬기·재개 미제공(13 적용 결정 필요), 4분+2분 공백 자동 종료, 아동용 화면 범위 밖, 데이터 부족 리포트(FR-B12) 미도입, 추가 종료 표현 개수·길이 제한 없음.
A34: D-CON: 01·02·08 결정 완료, 03~07 ADR 값, 09 고정 안내 제공 여부·10 공백 타이머 전환·11 아동 쉬기 적용은 결정 필요. AC-CON-01~10으로 검수한다.
A35: 고정 안내는 구조상 기술적으로 가능해졌으나 제공 여부·문구·횟수는 결정 필요. 13 아동 쉬기는 12·21 기술 정지와 구분한다.
A36: 출처: 요구사항 명세서 v0.8.2, v1.0, 2-Spring 아키텍처 v0.4 구조 결정(2026-10-06). 문서 정합성·참조·집계 검증이며 실제 장비·통신 검수 완료를 의미하지 않는다.

Sheet 요구사항
A1: 요구사항 ID | B1: 구분 | C1: 영역 | D1: 요구사항명 | E1: 기능 묶음 | F1: 우선순위 | G1: 관련 화면 | H1: 관련 행동·요구사항 | I1: 상세 | J1: 완료 기준
A2: FR-A01 | B2: FR | C2: A 계정·동의·기기 | D2: 보호자 소셜 로그인 | E2: 01 계정·아동·홈 | F2: Must | G2: 01 | H2: P-01 | I2: 보호자는 카카오·네이버·구글 중 하나의 소셜 계정으로만 로그인하고 서비스에서 로그아웃할 수 있다. 자체 회원가입과 자체 아이디·비밀번호 로그인은 제공하지 않는다. 로그인 상태가 유효하면 다시 접속할 때 로그인을 다시 요구하지 않는다. 아동용·전문가용 로그인은 두지 않는다. 소셜 로그인 취소·실패 시 인증되지 않은 상태를 유지하고 다시 시도할 수 있다. | J2: 로그인 화면에는 카카오·네이버·구글 소셜 로그인만 제공되고 자체 회원가입·아이디/비밀번호 입력 경로가 없다. 유효한 로그인 상태에서는 재접속 시 다시 로그인하지 않는다. 인증 성공 후 해당 보호자 데이터에만 접근하며 실패·취소를 로그인 완료로 표시하지 않는다.
A3: FR-A02 | B3: FR | C3: A 계정·동의·기기 | D3: 아동 등록·정보 수정·선택 | E3: 01 계정·아동·홈 | F3: Must | G3: 02 | H3: P-02, FR-F01 | I3: 처음 아동을 등록할 때 이름 또는 별명, 연령, 관심사를 입력하고 등록 전 확인 단계에서 정보를 수정할 수 있다. 등록한 뒤에도 아동 선택·정보 화면(02)의 정보 수정으로 같은 항목을 수정·저장하거나 취소할 수 있다. 진단명·검사 결과는 받지 않는다. 활동 대상 아동을 선택하며 정보 수정은 동일한 아동 프로필에 적용한다. | J3: 최초 등록 과정에서 입력 정보를 수정해 저장할 수 있고 등록 후에도 정보 수정이 가능하다. 취소·저장 실패 시 기존 정보가 유지되고 성공한 수정만 표시된다. 정보 수정으로 아동이 중복 등록되거나 기존 활동·기록의 대상 아동이 바뀌지 않는다.
A4: FR-A03 | B4: FR | C4: A 계정·동의·기기 | D4: 기록·열람·공유 동의 | E4: 02 동의·고지·삭제 | F4: Must | G4: 03, 09, 10, 20 | H4: P-23 | I4: 음성 수집(전사를 위한 처리)과 전사 저장(필수), 보호자 열람(필수), 리포트 생성·외부 전달(선택), 원음 보관(선택)을 항목별로 동의한다. 필수 동의 없이는 활동을 시작할 수 없다. 생활 대화 녹음 첨부의 수집·이용 및 제3자 음성 동의 조건은 공통규칙 생활 녹음의 선택적 참고 자료 추가 항목을 따른다. 녹음 미첨부는 필수 동의나 시작 조건을 추가하지 않는다. | J4: 항목별 동의 상태가 저장된다. 필수 미동의 시 시작 버튼이 비활성화된다. 동의 범위 밖의 수집·저장·이용이 없다.
A5: FR-A04 | B5: FR | C5: A 계정·동의·기기 | D5: AI 서비스 사전 고지 | E5: 02 동의·고지·삭제 | F5: Must | G5: 01, 03 | H5: P-23 | I5: 생성형 AI 기반 서비스임을 소셜 로그인·최초 동의 화면과 이용약관에 사전 고지한다. 아동에게는 기기의 시작 안내(FR-E01)로 알린다. | J5: 고지 문구가 소셜 로그인·최초 동의 화면에 표시된다. 아동 대상 고지는 FR-E01을 따른다.
A6: FR-A05 | B6: FR | C6: A 계정·동의·기기 | D6: 보호자 안내 문구 제공 | E6: 02 동의·고지·삭제 | F6: Should | G6: 03 | H6: P-23 | I6: 첫 이용 전 보호자가 아이에게 직접 설명할 짧은 문구(AI와 이야기한다, 보호자가 나중에 볼 수 있다)를 보여준다. | J6: 동의 완료 후 안내 문구가 1회 표시된다.
A7: FR-A06 | B7: FR | C7: A 계정·동의·기기 | D7: 기기 연결·상태 확인 | E7: 03 활동 시작·상태·종료 | F7: Must | G7: 04, 05, 06, 10, 12, 20, 21 | H7: P-24, FR-E11, FR-F01, FR-F18, FR-A10 | I7: [확정 구조] 아동 기기는 아동 서비스와 하나의 기기 연결만 유지하며 음성·활동 상태·시작/종료 명령을 이 연결로 주고받는다. GPT Live와의 음성 교환은 아동 서비스가 서버 간 음성 모델 연결로 중계하며 아동 기기가 GPT Live에 직접 연결하지 않는다. 부모 앱은 보호자 서버와의 부모 앱 연결로 조회·조작하고, 아동 서비스는 활동 상태·기록을 보호자 서버에 전달한다. 아동 기기는 보호자 서버가 활동별로 발급한 세션 토큰으로만 해당 활동에 참여하며 기기 검색·등록·페어링·일회용 코드 입력은 두지 않는다. 부모 앱 실행·부모 휴대폰 인터넷 연결 여부와 무관하게 기기 연결과 음성 모델 연결이 정상이면 활동·기록을 유지한다. 04·05·06·10·20과 진행 화면에서 기기 연결·음성 모델 연결·부모 앱 연결의 정상·장애와 보호자 서버의 상태 미수신(“기기 상태 확인 불가”)을 구분하며, “연결됨”은 해당 아동 기기의 기기 연결이 실제로 유지되는 동안만 표시한다. 새 활동은 기기 연결 준비와 기존 활동의 종료 확인이 있어야 시작한다. 원인 불명 시 단독 “연결 끊김” 표시는 쓰지 않는다. 보호자 스마트폰으로 아동 대화를 대신하는 방식은 두지 않는다. [ADR] 연결 상태 판정 시간, 상태 정보 유효시간, 세션 토큰 발급 시점·전달 방식(링크·QR 등)·만료. | J7: 기기 연결 장애, 음성 모델 연결 장애, 부모 앱 연결 장애, 보호자 서버의 아동 서비스 상태 미수신을 각각 주입하면 해당 대상과 확인 수준이 구분되어 표시된다. 부모 앱만 오프라인일 때 기기 연결·음성 모델 연결이 정상이면 활동·기록이 지속되고 앱에는 마지막 확인 시각·상태가 표시된다. 세션 토큰이 없거나 만료·종료된 세션의 토큰으로는 활동에 참여할 수 없고, 기기 검색·등록·페어링 화면이 없다. “연결됨”은 기기 연결이 유지되는 동안만 표시된다. 기기 연결 준비 미확인·기존 세션 종료 미확인 시 새 활동을 허용하지 않는다.
A8: FR-A07 | B8: FR | C8: A 계정·동의·기기 | D8: 홈 | E8: 01 계정·아동·홈 | F8: Must | G8: 04 | H8: P-03 | I8: 아동 이름, 연결 대상별 기기 상태 카드, 자유대화·연습 메뉴, 최근 기록, 동의·기록 관리와 아동 정보 수정(02) 진입점을 보여준다. 홈의 선택 아동 기기 카드에서 종료 표현 설정(SET-01, 시안 T20)으로 이동한다. 하단 메뉴는 홈·자유대화·연습·기록으로 구성한다. 활동 진행 중에는 새 활동 시작 대신 해당 세션의 현재 상태(11·12·21)로 이동한다. 부모 앱 연결 장애 시 “실시간 상태를 불러오지 못하고 있어요”와 마지막 확인 시각·상태를 표시하고 이를 현재 활동 상태로 단정하지 않는다. 앱 닫힘 자체는 장애·종료 요청이 아니다. | J8: 홈에서 아동 정보 수정·동의 관리·종료 표현 설정에 진입한다. 재진입 시 최신 세션을 조회해 진행·기술적 일시 정지·종료 확인 상태를 반영하고 조회 실패 시 마지막 확인 시각을 유지한다. 종료 확인 없는 세션을 종료 완료로 표시하지 않는다.
A9: FR-A08 | B9: FR | C9: A 계정·동의·기기 | D9: 데이터 삭제·동의 철회 | E9: 02 동의·고지·삭제 | F9: Should | G9: 03 | H9: P-23 | I9: 홈의 '동의·기록 관리'에서 동의 항목을 변경하거나 기록 삭제를 요청한다. 필수 동의 철회는 별도 확인 후 진행 중인 활동을 종료하고 이후 수집·이용을 중단한다. 삭제는 대상(원음·전사·리포트) 선택 → 영향 안내 → 삭제 확인 순서로 진행한다. 기록을 삭제하면 그 기록에서 만든 추천·요약·리포트도 함께 삭제한다. 철회 전에 정상 저장된 기록은 자동 삭제하지 않고 유지하며 보호자가 따로 삭제할 수 있다. 철회 후 새로 수집되거나 늦게 도착한 자료는 철회 전 발화라도 저장하지 않는다. | J9: 삭제한 기록과 그 기록에서 만든 추천·요약·리포트가 조회·집계에서 제외된다. 필수 동의 철회 시 진행 중 활동이 종료되고 새 활동을 시작할 수 없다. 철회 뒤 도착한 자료는 저장되지 않고, 철회 전 기록은 남아 따로 삭제할 수 있다.
A10: FR-A09 | B10: FR | C10: A 계정·동의·기기 | D10: 아동별 종료 표현 설정 | E10: 05 종료 의도·표현 설정 | F10: Should | G10: 04, SET-01 | H10: P-29, FR-E05, FR-F14 | I10: 홈의 선택 아동 기기 카드에서 종료 표현 설정(시안 T20, 문서 SET-01)에 진입한다. 기본 종료 표현 “무중아 그만할래”는 항상 유지하고 변경·삭제하지 않는다. 보호자는 선택 아동의 추가 종료 표현을 등록·편집·삭제한다. 빈 값·중복 등록을 막고 변경사항 저장·취소를 제공한다. 저장한 표현은 아동별로 보관해 다음 자유대화·연습부터 공통 적용하며 진행 중 활동의 설정은 바꾸지 않는다. 종료 표현은 종료 의도 인식의 보조 정보이며 정확한 문장 일치를 요구하는 암호가 아니다. | J10: 기본 표현이 항상 남고 선택 아동의 추가 표현만 추가·수정·삭제·저장된다. 빈 값과 중복은 저장되지 않는다. 취소하면 미저장 변경을 버리고 저장 실패를 성공으로 표시하지 않는다. 저장 완료·실패를 구분하며 다음 활동의 종료 의도 인식에 반영된다.
A11: FR-A10 | B11: FR | C11: A 계정·동의·기기 | D11: 활동 장애·상태 미확인 푸시 알림 | E11: 03 활동 시작·상태·종료 | F11: Must | G11: 04, 12, 14, 16, 21, 24, 27 | H11: FR-A06, FR-B07, FR-E11, FR-F01, FR-F18 | I11: 서버가 음성 대화 장애 또는 기기 상태 수신 중단을 감지해 부모에게 푸시 발송을 요청한다. 감시는 부모 앱 실행 여부에 의존하지 않는다. 확인된 음성 대화 장애는 “대화 중 음성 연결 문제가 발생했어요.”, 기기 상태 미확인은 “기기 상태를 확인할 수 없어요.”, 기술 문제에 의한 기기 종료까지 확인된 경우만 “연결 문제로 활동이 종료됐어요.”를 쓴다. 앱 닫힘·부모 앱 연결만 장애라는 이유로 기기 장애·종료 알림을 만들지 않는다. 발송 요청·실패·확인 가능한 전달 상태를 구분하며 폰 통신·OS·알림 설정상 즉시 또는 실제 전달을 보장하지 않는다. 같은 사건의 중복 발송을 막고 발화 원문·대화 내용은 넣지 않는다. 알림 선택·앱 재진입 시 최신 세션 상태를 재조회하여 12/21 진행·복구, 14 종료 확인 상태, 종료가 확인된 경우 16/24로 연결한다. 조회 실패하면 마지막 확인 시각과 미확인을 표시한다. 오래된 알림의 문구로 현재 상태를 덮어쓰지 않는다. 정상 공백 가드레일에 의한 종료 알림도 FR-F18·B07의 종료 확인을 따른다. [ADR] 감지·알림 발생 기준, 지연·중복 억제 정책, 전달 상태 확보 범위. | J11: 앱을 닫고 음성 장애·기기 상태 미확인·기술 종료 확인을 각각 발생시키면 서버의 발송 요청이 올바른 문구·아동·세션으로 남는다. 알림 비허용·폰 오프라인은 발송 요청을 실제 전달로 표시하지 않는다. 복구 후 과거 장애 알림을 선택하면 최신 상태로 이동한다. 종료 확인이 없으면 종료 완료 알림·화면을 표시하지 않고, 원문은 노출하지 않는다.
A12: FR-B01 | B12: FR | C12: B 자유대화 | D12: 자유대화 시작 진입 | E12: 06 자유대화 준비 | F12: Must | G12: 07 | H12: P-04 | I12: 자유대화 메뉴에서 별도의 목적을 선택하지 않고 자유대화 시작하기를 누른다. 버튼을 누르면 배경 정보 입력(08)으로 이동한다. 궁금한 상황·알고 있는 경험 등의 목적값을 별도로 생성하거나 저장하지 않는다. | J12: 목적 선택 단계 없이 시작하기를 누르면 08로 이동한다.
... A67: NFR-11 | B67: NFR | C67: N 비기능 | D67: 기기 독립성 | E67: 14 연동 구조 | F67: Could | G67: - | H67: - | I67: 서비스는 아동 기기의 형태에 의존하지 않는다. 현재의 웹 음성 클라이언트와 향후 인형 형태에서 보호자 앱의 기능·사용 방식과 아동의 음성 사용 방식이 같다. | J67: 보호자 앱의 기능·화면이 아동 기기 형태에 따라 달라지지 않는다.

Sheet 화면
A1: ID | B1: 화면명 | C1: 기존 시안(v0.3-) | D1: 관련 FR | E1: 상태·변형 | F1: 허용 동작·제약 | G1: 연결 요구사항 수 | H1: 시안 수정 필요 사항
A2: 01 | B2: 보호자 소셜 로그인 | C2: 01 | D2: FR-A01, FR-A04 | E2: 카카오 / 네이버 / 구글 / 인증 취소·실패 | F2: 3개 소셜 로그인만 제공. 취소·실패 시 재시도. 자체 회원가입·아이디/비밀번호 로그인 없음 | G2: =COUNTIF('요구사항'!$G$2:$G$67,A2)+COUNTIF('요구사항'!$G$2:$G$67,A2&",*")+COUNTIF('요구사항'!$G$2:$G$67,"*, "&A2)+COUNTIF('요구사항'!$G$2:$G$67,"*, "&A2&",*") -> 2 | H2: 소셜 로그인 전용으로 복원
A3: 02 | B3: 아동 등록·정보 수정·선택 | C3: 02 | D3: FR-A02 | E3: 첫 등록 / 입력 확인·수정 / 등록 후 편집 / 저장 실패 | F3: 이름 또는 별명·연령·관심사 입력 및 수정. 저장·취소. 동일 아동의 기존 활동·기록 연결 유지 | G3: =COUNTIF('요구사항'!$G$2:$G$67,A3)+COUNTIF('요구사항'!$G$2:$G$67,A3&",*")+COUNTIF('요구사항'!$G$2:$G$67,"*, "&A3)+COUNTIF('요구사항'!$G$2:$G$67,"*, "&A3&",*") -> 1 | H3: 최초 등록 단계와 등록 후 정보 수정 모두 제공
A4: 03 | B4: 기록·동의 안내 | C4: 03 | D4: FR-A03, FR-A04, FR-A05, FR-A08 | E4: 첫 동의 / 동의·기록 관리 / 철회·삭제 확인 | F4: 필수 동의 미충족 시 시작 불가. 동의 변경·삭제 대상과 영향 확인 | G4: =COUNTIF('요구사항'!$G$2:$G$67,A4)+COUNTIF('요구사항'!$G$2:$G$67,A4&",*")+COUNTIF('요구사항'!$G$2:$G$67,"*, "&A4)+COUNTIF('요구사항'!$G$2:$G$67,"*, "&A4&",*") -> 4 | H4: 생활 녹음 동의 조건과 연결
A5: 04 | B5: 홈 | C5: 04 | D5: FR-A06, FR-A07, FR-A09, FR-A10, FR-F01 | E5: 연결 대상별 상태 / 앱 조회 불가 / 마지막 확인 상태 | F5: 기존 홈·메뉴·정보 수정·SET-01 진입 유지. 앱 조회 불가 시 마지막 확인 시각·상태 표시. 재진입은 최신 세션 재조회 | G5: =COUNTIF('요구사항'!$G$2:$G$67,A5)+COUNTIF('요구사항'!$G$2:$G$67,A5&",*")+COUNTIF('요구사항'!$G$2:$G$67,"*, "&A5)+COUNTIF('요구사항'!$G$2:$G$67,"*, "&A5&",*") -> 5 | H5: 앱 닫힘 자체는 장애·종료가 아님. 기기·음성 모델·부모 앱 연결과 기기 상태 확인 불가를 구분
A6: 05 | B6: 대화 기기 상태 | C6: 05 | D6: FR-A06 | E6: 기기 연결 / 음성 모델 연결 / 부모 앱 연결별 정상·장애 + 기기 상태 확인 불가 | F6: 대상별 상태·마지막 확인 시각·시작 준비 여부 확인. 원인 불명은 기기 상태 확인 불가. 기존 기록 조회 가능 범위 안내 | G6: =COUNTIF('요구사항'!$G$2:$G$67,A6)+COUNTIF('요구사항'!$G$2:$G$67,A6&",*")+COUNTIF('요구사항'!$G$2:$G$67,"*, "&A6)+COUNTIF('요구사항'!$G$2:$G$67,"*, "&A6&",*") -> 1 | H6: 아동 기기는 아동 서비스에만 연결하고 GPT Live는 아동 서비스가 중계(확정 구조). 기기 검색·등록·페어링 없음. “연결됨”은 기기 연결이 실제 유지될 때만
A7: 06 | B7: 기기 연결 확인 | C7: 06 | D7: FR-A06 | E7: 기기 연결 준비 확인 중 / 준비 완료 / 미확인·장애 | F7: 연결 다시 확인·준비 복귀·취소. 기기 연결 준비와 기존 활동 종료 확인 전 새 시작 차단 | G7: =COUNTIF('요구사항'!$G$2:$G$67,A7)+COUNTIF('요구사항'!$G$2:$G$67,A7&",*")+COUNTIF('요구사항'!$G$2:$G$67,"*, "&A7)+COUNTIF('요구사항'!$G$2:$G$67,"*, "&A7&",*") -> 1 | H7: 마지막 정상 표시를 현재 준비 완료로 간주하지 않음. 세션 토큰으로 연결된 기기만 준비 완료. 판정 시간·상태 유효시간은 ADR
A8: 07 | B8: 자유대화 시작 | C8: 07 | D8: FR-B01, FR-D04 | E8: 시작 전 | F8: 자유대화 시작하기 → 08 | G8: =COUNTIF('요구사항'!$G$2:$G$67,A8)+COUNTIF('요구사항'!$G$2:$G$67,A8&",*")+COUNTIF('요구사항'!$G$2:$G$67,"*, "&A8)+COUNTIF('요구사항'!$G$2:$G$67,"*, "&A8&",*") -> 2 | H8: 목적 선택·목적값 생성 제거
A9: 08 | B9: 배경 정보 입력 | C9: 08 | D9: FR-B02, FR-B03 | E9: 입력 있음 / 입력 없음 / 확인·수정 | F9: 알고 있는 내용·상황·출처·궁금한 내용 선택 입력. 빈 상태로 다음 → 09 | G9: =COUNTIF('요구사항'!$G$2:$G$67,A9)+COUNTIF('요구사항'!$G$2:$G$67,A9&",*")+COUNTIF('요구사항'!$G$2:$G$67,"*, "&A9)+COUNTIF('요구사항'!$G$2:$G$67,"*, "&A9&",*") -> 2 | H9: 18화면 T06의 선택 입력 방식 반영
A10: 09 | B10: 생활 대화 녹음 추가 | C10: 09 | D10: FR-A03, FR-B04 | E10: 미첨부 / 첨부 / 첨부 불가 | F10: 파일 추가·변경·제거 또는 건너뛰기 → 10 | G10: =COUNTIF('요구사항'!$G$2:$G$67,A10)+COUNTIF('요구사항'!$G$2:$G$67,A10&",*")+COUNTIF('요구사항'!$G$2:$G$67,"*, "&A10)+COUNTIF('요구사항'!$G$2:$G$67,"*, "&A10&",*") -> 2 | H10: FR-B04 복귀. 정책·동의 조건 확정 필요
A11: 10 | B11: 자유대화 시작 준비 | C11: 10 | D11: FR-A03, FR-A06, FR-B03, FR-B04, FR-B05 | E11: 준비 / 시작 요청 중 / 연결·동의 미충족 | F11: 배경·녹음 여부·기기·동의 확인. 시작 요청 → 11. 요청 전 준비 취소 | G11: =COUNTIF('요구사항'!$G$2:$G$67,A11)+COUNTIF('요구사항'!$G$2:$G$67,A11&",*")+COUNTIF('요구사항'!$G$2:$G$67,"*, "&A11)+COUNTIF('요구사항'!$G$2:$G$67,"*, "&A11&",*") -> 5 | H11: FR-A06의 기기 연결 준비와 기존 활동 종료 확인 필요. 앱 요청 전송 불가를 수락으로 표시하지 않음
A12: 11 | B12: 기기 안내 중 | C12: 11 | D12: FR-B06, FR-B07, FR-E01, FR-E06, FR-F01 | E12: 시작 요청됨 / 기기 실행 확인 중 / 안내·참여 확인 | F12: 기기 안내·참여 확인. 참여 시 자유대화 12 / 연습 21, 미참여 시 15. 홈·종료 확인 14 | G12: =COUNTIF('요구사항'!$G$2:$G$67,A12)+COUNTIF('요구사항'!$G$2:$G$67,A12&",*")+COUNTIF('요구사항'!$G$2:$G$67,"*, "&A12)+COUNTIF('요구사항'!$G$2:$G$67,"*, "&A12&",*") -> 5 | H12: 서버 수락과 기기 안내 실행을 구분. 기본 종료 표현 안내 유지. 부모 앱 조회 장애를 아동 미참여로 판단하지 않음
A13: 12 | B13: 자유대화 진행 | C13: 12 | D13: FR-A06, FR-A10, FR-B06, FR-B07, FR-E03, FR-E04, FR-E05, FR-E10, FR-E11, FR-F01, FR-F14, FR-F18 | E13: 진행 / 기술적 일시 정지·복구 / 상태 미확인 / 종료 처리 중(종료 확인 대기) | F13: 타임라인은 확인된 진행·장애와 미확인 구간을 구분. 대상별 마지막 확인 시각. 수동 종료 →14. 기기 종료 확인 후 정상17·불완전16 | G13: =COUNTIF('요구사항'!$G$2:$G$67,A13)+COUNTIF('요구사항'!$G$2:$G$67,A13&",*")+COUNTIF('요구사항'!$G$2:$G$67,"*, "&A13)+COUNTIF('요구사항'!$G$2:$G$67,"*, "&A13&",*") -> 12 | H13: 앱 조회 불가를 대화 중단으로 채우지 않음. 기술 정지는12상태 변형. 13아동쉬기와구분. 장애·복구 시간은 ADR
... A32: SET-01 | B32: 종료 표현 설정 (시안 T20) | C32: 30-screen 밖 보조 설정 | D32: FR-A09 | E32: 추가 표현 없음 / 편집 / 중복·빈 값 / 저장 완료·실패 | F32: 홈 아동 기기 카드에서 진입. 기본 “무중아 그만할래” 유지. 아동별 추가 표현 등록·편집·삭제·변경사항 저장·취소. 자유·연습 다음 활동부터 적용 | G32: =COUNTIF('요구사항'!$G$2:$G$67,A32)+COUNTIF('요구사항'!$G$2:$G$67,A32&",*")+COUNTIF('요구사항'!$G$2:$G$67,"*, "&A32)+COUNTIF('요구사항'!$G$2:$G$67,"*, "&A32&",*") -> 1 | H32: 정확 일치 암호가 아닌 종료 의도 인식 보조 정보. 기본 표현 변경·삭제 불가. 취소는 미저장 변경 폐기
A35: 자유대화: 07 →08 배경(선택) →09 녹음(선택) →10 준비 →11 요청·실행 확인/안내 →12 진행 →기기 종료 확인 →17 종료 →버튼으로27 기록 상세
A36: 연습: 18 추천 →19 다른 목표(선택) →20 준비 →11 요청·실행 확인/안내 →21 진행 →기기 종료 확인 →22 기록 정리 →23 종료 →버튼으로27 기록 상세
A37: 장애·미확인:12/21 상태 변형. 수동 종료 요청은14. 기기 종료가 확인되면16/24. 요청만 접수되거나 확인을 받지 못하면 종료 확인 안 됨을 유지한다.
A38: 기록·리포트:26 →27. 자유대화 기록→18 추천, 연습 기록→25 일상 지원.28 →29 →30 PDF 확인. 기존 흐름은 유지한다.
A39: 01~30 번호 유지. 13은 아동 쉬기 전용 참조(적용 결정 필요), 기술 정지 화면이 아님. 활성 핵심29개·정책 미정1개·보조SET-01. 새 독립 화면 없음.
A40: 녹색은 확인된 정상 진행. 확인된 음성 장애·기술 정지와 회색 상태 미확인은 사유·범례로 구분. 앱만 최신 조회 불가는 마지막 확인 시각 표시. 미확인 구간을 중단으로 채우지 않음.

Sheet 공통규칙
A1: 구분 | B1: 항목 | C1: 규칙 | D1: 표시·동작 기준 / 추가 결정 | E1: 원문 위치
A2: 상태의 의미 | B2: 시작 전 준비 | C2: 보호자가 입력·목표를 확인하며 아직 시작 요청하지 않음 | D2: 10(자유대화)·20(연습). 시작/준비 취소. FR-A06에 따른 기기 연결 준비 또는 이전 활동의 기기 종료 여부가 확인되지 않으면 새 시작을 차단한다. 오래된 상태를 현재 준비 완료로 쓰지 않는다. 준비 판정 시간은 ADR. | E2: v1.1 구조 결정 (2-Spring v0.4)
A3: 상태의 의미 | B3: 시작 안내 중(preparing) | C3: 시작 요청의 서버 수락과 기기의 실제 안내 실행을 분리한다. 서버 수락 후 기기 실행이 확인되기 전에는 시작 요청됨·실행 확인 중 상태다. | D3: 11(자유대화·연습 공통). 기기 실행 확인 후 안내·참여 확인 중으로 표시한다. 응답 미수신을 시작 성공·아동 미참여로 표시하지 않고 중복 시작을 막는다. 시작 전 준비(10·20)와 구분한다. | E3: v0.8.2 보완 (요청 검증)
A4: 상태의 의미 | B4: 진행 중(active) | C4: 기기에서 자유대화 또는 연습이 실제 진행되는 상태. 부모 앱 접속 여부와 별도로 관리한다. | D4: 12(자유대화)·21(연습). 연습은 확인된 현재 단계도 표시. 원문·실시간 자막·다음 질문·다음 단계·마이크 버튼 없음. 부모 앱 조회 불가는 활동 중단으로 바꾸지 않는다. 13 아동 쉬기는 적용 결정 필요이며 기술적 일시 정지는 12·21의 상태 변형으로 표시. | E4: v0.8.2 사용자 요청
A5: 상태의 의미 | B5: 비정상 단절(진행 중 상태) | C5: 기기 연결·음성 모델 연결이 정상이고 활동 진행 중 실제 오디오 공백의 연속성을 확인할 수 있을 때만 연속 4분 공백을 비정상 단절로 표시한다. 추가 대기 중에는 종료 미확정 상태다. | D5: 12·21에서 공백 상태로 표시하며 원인을 추정하지 않는다. 장애·상태 미확인·기술적 일시 정지·아동 쉬기 시간은 이 공백에 합산하지 않는다. 4분+추가 약 2분을 연결 장애 시간 기준으로 사용하지 않는다. FR-F18. | E5: v0.8.2 사용자 요청
A6: 상태의 의미 | B6: 종료 처리 중(ending) | C6: 종료 요청 또는 아동 종료 의도 확인 후 아동 서비스가 마무리 문구 재생·출력 중지·음성 모델 세션 종료를 진행하는 상태. 종료 확인 전까지 유지한다. | D6: 12(자유대화)·21(연습)의 상태 변형으로 표시한다. 새 대화 응답을 생성·재생하지 않고 새 활동 시작을 막는다. 종료 확인 후 종료 안내(16·17·23·24)로 전환하며 종료 확인 미수신은 종료 확인 안 됨으로 표시한다. FR-B07·E10·F01. | E6: v1.1 구조 결정 (2-Spring v0.4)
A7: 상태의 의미 | B7: 활동 종료 | C7: 정상 마무리·미참여·아동/보호자 중단·확인된 기술 문제·검증된 오디오 공백 지속으로 활동 종료가 확정된 상태. 종료 요청과 기기 종료 확인은 별도다. | D7: 14의 보호자 종료 확인은 요청 의사 확인이다. 기기의 종료 확인을 받기 전에는 종료 완료로 표시하지 않는다. 자동 종료의 기기 확인·증빙도 동일하게 구분한다. 확인 시 16·24 등 사유별 종료 화면으로 연결하고 종료 버튼을 제거. 미확인은 기존 화면의 종료 요청됨/종료 확인 안 됨 상태로 표시. | E7: v0.8.2 사용자 요청
A8: 상태의 의미 | B8: 결과 준비 중(result_pending) | C8: 활동은 끝났으나 기록 상세에 제공할 결과가 생성 중인 상태. 활동 종료와 결과 준비 여부는 별도로 관리 | D8: 22(연습 기록 정리). 자유대화 종료 안내·기록 상세에서도 준비 상태 표시. 종료·다시 시작 버튼 없음. 생성 실패 시 보호자가 다시 요청(FR-F17) | E8: 7.1
A9: 상태의 의미 | B9: 결과 준비됨 | C9: 전체/부분 결과 또는 자료 부족 안내를 기록 상세에서 확인 가능한 상태 | D9: 17·23은 종료 안내를 유지하며 기록 보기 버튼으로 27에 진입. 결과가 준비되었다는 이유로 상세 결과를 자동 표시하거나 27로 자동 이동하지 않음 | E9: 7.1
A10: 연결 정의 · 확정 요구 | B10: 연결 상태 | C10: 기기 연결 / 음성 모델 연결 / 부모 앱 연결의 상태를 구분한다. 음성 대화 연결은 기기 연결과 음성 모델 연결을 합친 음성 경로를 뜻하며, 그 장애(음성 대화 장애)는 두 연결의 끝점인 아동 서비스가 직접 확인한다. | D10: 04·05·06·10·20과 활동 상태에서 문제가 있는 대상을 명시한다. 보호자 서버가 아동 서비스의 상태를 받지 못하는 것은 연결 장애가 아니라 기기 상태 확인 불가로 표시한다. 확인 불가를 연결 장애 확정으로 바꾸지 않는다. 판정 시간·상태 유효시간은 ADR. | E10: v1.1 구조 결정 (2-Spring v0.4)
A11: 상태의 의미 | B11: 목표 저장 | C11: 목표 선택·저장은 활동 상태가 아니다. 18·19에서 목표를 선택해도 기기에서 연습이 시작되지 않는다. | D11: 20에서 선택 목표 확인 후 별도 시작 요청. FR-C02·C05·F01 | E11: 7.1
A12: 활동 시작 | B12: 활동 시작 조건 | C12: 아동 기기의 기기 연결 준비가 확인되고(FR-A06) 필수 동의가 있으며(FR-A03) 진행 중인 활동이 없을 때만 시작 요청을 받는다. 요청 중 중복 제출 방지, 요청 전 준비 취소는 기기에 시작 요청을 보내지 않는다. 시작 요청이 수락된 뒤 아이가 참여하기 전에는 보호자가 준비를 취소할 수 있으며, 이때는 준비 취소 사실과 시각만 남기고 대화 내용은 저장하지 않는다. 자유대화 목적·배경 정보·생활 녹음은 시작 필수가 아니다. | D12: 시작 요청 전송·서버 수락·기기 시작 확인을 구분한다. 응답 미수신을 성공으로 표시하지 않는다. 기기 연결 준비 또는 이전 활동의 기기 종료 여부가 미확인이면 새 시작을 차단한다. 준비 판정 시간·상태 유효시간은 ADR. 자유대화 선행 없이 지원 목표로 연습 가능. FR-B05·C05·F01. | E12: v1.1 v1.0 결정 복원
... A108: 검수 완료 기준 | B108: AC-CON-10 보호자 서버 상태 미수신 | C108: 아동 서비스의 활동이 정상인 채 보호자 서버로의 상태 전달만 중단되면 부모 앱에 기기 상태 확인 불가·마지막 확인 시각이 표시되고 활동은 종료되지 않는다. | D108: 전달 재개 시 보관된 상태·기록이 중복 없이 반영되고 미수신 시간을 대화 중단으로 채우지 않는다. FR-A06·B06·C06·F01·F18. | E108: v1.1 구조 결정 (2-Spring v0.4)

Sheet 라벨정의
A1: 라벨 (요구사항 탭 열) | B1: 값 | C1: 뜻
A2: 영역 | B2: A~F, N | C2: v0.4.2 ID 체계. A 계정·동의·기기, B 자유대화, C 연습, D 기록·리포트(이상 보호자 앱), E 아동 기기, F 서버·시스템, N 비기능
A3: 기능 묶음 | B3: 01~14 | C3: 함께 만들고 함께 시험하는 단위. WBS의 작업 묶음으로 쓴다. 11은 종료 안내·기록 연결, 12는 기록·리포트 조회와 생성 기능이다.
A4: 우선순위 | B4: Must | C4: 없으면 '보호자 준비 → 자유대화 또는 연습 → 종료 안내 → 기록 상세 → 필요 시 목표 선택·일상 지원·리포트'의 필수 흐름이 끊기거나 아동 보호 원칙을 어김. 기록 없는 아동의 연습 목표 선택과 자유·연습 진행 상태 확인도 포함. 일정이 밀려도 줄이지 않는다
A5: 우선순위 | B5: Should | C5: 11/5 목표에 포함한다. 다만 일정이 밀리면 단순하게 만들거나 뒤로 미룰 수 있음
A6: 우선순위 | B6: Could | C6: 여유가 있을 때 구현
A7: 우선순위 | B7: Won't | C7: 이번 MVP 제외. v0.7부터 Won't 항목은 요구사항 탭에 두지 않고 '제외·이관' 탭에서 관리한다
A8: 우선순위 | B8: 보류 | C8: 우선순위 결정을 보류함 (현재 해당 없음)
A9: 작성 기준 | B9: - | C9: 요구사항에는 사용자 동작과 시험 가능한 완료 기준을 작성한다. 연결 구조·구현 방식·세부 성능값은 확정 구조·결정 필요·ADR 값으로 구분해 표시하고 값은 ADR에 연결한다. 상세 테스트 절차·환경·측정 계획은 별도 테스트 계획에서 관리하되, 연결 장애의 최소 상황별 수용 행동은 이 명세서에서 확인할 수 있어야 한다.
A10: 작성 기준 | B10: 법적 검토 | C10: 법령·공급자별 아동 이용 조건, 법적 보존 기간, AI 고지의 법적 적합성 검토는 프로젝트 범위에서 제외한다(9/30 팀 결정). 서비스가 동작한다는 사실을 우선한다
A11: 제외·이관 탭 | B11: 처리 | C11: 삭제(중복) / 제외 범위(이번 MVP 밖) / 통합(다른 요구사항에 합침) / 이관(다른 산출물로 옮김) / 복귀(새 버전에서 활성 요구사항으로 되돌림). 과거 원문은 보존하되 현행 처리와 복귀·통합 대상 ID를 명확히 표시한다. 개정 원문 보관은 활성 요구사항의 이전 문구 이력으로, 현재 제외·이관 항목 건수에서 제외한다.
A12: 화면 ID | B12: 01~30(13 적용 결정 필요) / SET-01 | C12: v0.3 화면 번호 01~30을 보존한다. 13은 아동 쉬기 전용(적용 결정 필요)이며 현재 기능 재도입을 확정하지 않는다. 기술적 일시 정지는 12·21의 상태 변형으로 표현한다. 11·14·15는 자유대화·연습 공통. SET-01은 시안 T20 종료 표현 설정이며 핵심 20 연습 준비와 다르다.
... A28: 서버 구분 | B28: 보호자 서버 / 아동 서비스 | C28: 보호자 서버(Core API)는 부모 앱·계정·동의·기록 통합 저장을 담당하고, 아동 서비스(Realtime Activity)는 아동 기기 연결·GPT Live 중계·진행 중 세션 상태를 담당한다. 아동 서비스는 상태·기록을 보호자 서버에 전달하며 두 서버의 내부 구현은 ADR에서 다룬다.

Sheet 제외·이관
A1: 요구사항 ID | B1: 요구사항명 | C1: 옮기기 전 우선순위 | D1: 처리 | E1: 옮길 곳 | F1: 이유 | G1: 옮기기 전 상세 (원문) | H1: 옮기기 전 완료 기준 (원문) | I1: 비고
A2: FR-B04 | B2: 생활 녹음 추가 | C2: Won't | D2: 복귀 (v0.8) | E2: 요구사항 FR-B04 | F2: v0.8에서 선택적 생활 대화 녹음 참고 자료 기능으로 복귀. 아래 두 원문 열은 과거 제외 당시 문구를 보존한 이력이다. | G2: 실제 대화 녹음 자료를 선택적으로 제공한다. 제3자 음성 동의 문제로 MVP에서 제외한다. | H2: 화면에서 카드를 제거하거나 '준비 중'으로 표시한다. | I2: 현행 기능은 요구사항 FR-B04 및 화면 09·10 참조. 제3자 음성 등 정책·동의 조건 확정 필요.
A3: FR-C04 | B3: 추가 화용 행동 범위 | C3: Won't | D3: 삭제 | E3: - | F3: Won't이고 내용이 FR-C02·F06과 중복 | G3: 목표 행동은 자유대화 결과에 따라 아동별로 추가된다(FR-C02·F06). 고정된 추가 행동 목록과 미구현 행동의 '준비 중' 표시는 두지 않는다. | H3: 연습 메뉴에 '준비 중' 행동이 표시되지 않는다. | I3: -
A4: FR-D03 | B4: 생활 관찰 입력 | C4: Won't | D4: 제외 범위 | E4: 향후 범위 | F4: 9/30 결정으로 리포트에서 '보호자 관찰' 항목 제외. Won't 항목을 요구사항 목록에서 분리 | G4: 활동 이후 생활에서 본 장면을 짧게 기록한다. 리포트의 '보호자 관찰' 항목을 제외하면서 구현하지 않는다. | H4: 생활 관찰 입력 화면과 리포트의 '보호자 관찰' 항목이 없다. | I4: 리포트 10개 항목(FR-D05)에 보호자 관찰 없음
A5: FR-F16 | B5: 검토 큐 | C5: Could | D5: 제외 범위 (Backlog) | E5: 운영 도구 Backlog | F5: 팀 검토자'가 서비스 사용자 정의(보호자·아동·전문가)에 없음. 위험 발화 대응은 추후 개발(9/30 결정), MVP에 전사 수정 기능 없음(FR-F04) | G5: review_needed 전사, 위험 발화, 판정 불확실 항목을 팀 검토자가 처리한다. 미해결 항목은 결과에 '검토 중'으로 표시한다. | H5: 검토 전 항목이 확정 결과로 나가지 않는다. | I5: 연쇄 수정: FR-F02 참조, 화면 T13 '검토 중' → '판정 보류'. 판정 불확실은 FR-F10의 보류로 처리
A6: NFR-03 | B6: AI 서비스 고지 | C6: Must | D6: 통합 | E6: FR-A04, FR-E01 | F6: 보호자 고지(FR-A04)·아동 고지(FR-E01)와 중복 | G6: 생성형 AI 서비스임을 가입·동의 화면과 약관에 사전 고지한다. 법적 적합성 검토는 프로젝트 범위에서 제외한다. | H6: FR-A04와 FR-E01의 앱·음성 고지를 확인한다. | I6: 법적 검토 제외' 문장은 라벨정의 '작성 기준'으로 이동
A7: NFR-05 | B7: 응답 지연 | C7: Could | D7: 이관 | E7: 성능 측정 계획(POC) — 문서 작성 전 | F7: 목표값이 없어 요구사항이 아니라 측정 계획(9/30: 목표값 미고려, 모델 평가 우선) | G7: 아동 발화 종료 → 기기 첫 음성 출력 지연을 측정한다. 현 단계에서는 목표값을 두지 않고 모델 평가를 우선한다. | H7: 지연 측정 로그가 있다. | I7: 목표값을 정하면 요구사항으로 다시 등록
A8: NFR-07 | B8: 회귀 시험 | C8: Must | D8: 이관 | E8: 테스트 계획서 — 문서 작성 전 | F8: 시스템이 충족할 요구가 아니라 검증 방법. 검증 대상 요구(NFR-01, FR-E03·E05·E07·F12·F15 등)는 요구사항 탭에 유지 | G8: 합성 Persona로 Cue 유출, 역할 지식 누출, 보호자 입력 직접 언급, 중단 의도 인식, 수치 불일치, 금지 표현을 반복 시험한다. 합성 결과를 실제 아동 성능으로 보고하지 않는다. | H8: 시험 스크립트로 재실행할 수 있다. | I8: 테스트 계획서가 생기면 이 원문을 옮김
A9: NFR-10 | B9: 공급자 교체 가능성 | C9: Should | D9: 이관 | E9: ADR (ADR-002·004·007) | F9: 사용자 요구가 아닌 아키텍처 결정 | G9: 음성 대화 모델·STT·TTS를 어댑터 인터페이스로 분리하고 공통 기능 계약과 공급자별 차이를 명시한다. | H9: 교체 경계와 영향 범위를 문서로 확인할 수 있다. 모든 공급자 교체에서 경계 밖 코드 수정이 전혀 없음을 보장하는 기준은 두지 않는다. | I9: -
A10: NFR-11 (일부) | B10: 기기 독립성 — 인터페이스 부분 | C10: Must | D10: 일부 이관 | E10: ADR | F10: 기기 인터페이스 설계·명세 문서화는 기술 결정. 제품 제약(기기 형태가 바뀌어도 사용 방식 동일)은 요구사항 탭 NFR-11에 유지 | G10: 서버·보호자 앱은 기기 외형·물리 버튼·AI 처리 위치에 의존하지 않는다. 데모의 웹 음성 클라이언트와 향후 인형 형태가 같은 인터페이스로 동작한다. | H10: 기기 인터페이스 명세가 문서화된다. | I10: NFR-11은 요구사항 탭에 남아 있음(본문 수정)
A11: NFR-12 | B11: 비용 추적 | C11: Could | D11: 이관 | E11: 운영 / 기술명세 | F11: 제품 기능이 아닌 운영·비용 관리 | G11: 세션당 모델·STT·TTS·저장 비용을 기록한다. | H11: 세션 단위 비용 로그가 있다. | I11: -
A12: FR-F13 | B12: 일상 지원 매칭 | C12: Should | D12: 통합 (v0.7.1) | E12: FR-C09 | F12: FR-C09와 같은 규칙(승인 목록, 미승인 노출 금지, '추가 관찰 필요')을 두 곳에서 관리하던 중복 | G12: 승인된 지원 목록(Support Library)에서 목표 행동·적용 조건에 맞는 항목을 고른다. 초기 지원 목록(또는 초기 시나리오)은 개발팀이 제공한다. 미승인 항목과 검색 점수는 노출하지 않는다. | H12: 지원 목록이 비어 있으면 '추가 관찰 필요'가 반환된다. | I12: 화면 T14 관련 FR에서 제거
... A22: FR-E11 (구버전) | B22: 연결 대상별 장애 대응·복구 | C22: Must | D22: 개정 원문 보관 (v1.1) | E22: FR-E11 현행 본문 | F22: 아동 서비스·보호자 서버 분리 구조(2-Spring v0.4) 확정에 따라 v0.8.2의 직접/중계 미정·기기 관리 연결 구분·기기 자체 대응 정책 제안을 확정 구조로 재작성. | G22: [확정 요구] 부모 앱 연결만 장애면 기기의 정상 대화·기록을 종료하지 않는다. 음성 대화 연결 장애가 확인되면 기기 대화를 기술적으로 일시 정지하고 복구를 시도하며 기존·지연 응답 재생과 새로운 대화용 음성 전송을 중지한다. 복구 제어 통신은 대화 음성 전송과 구분한다. 원격에서 정지 사실을 확인하지 못했다면 정지 완료로 표시하지 않는다. 재생·전송 중지의 실행 위치와 현재 기기 지원은 확인 필요다. 종료 전이며 종료 요청이 남아 있지 않고 활동 상태·대화 맥락을 정상 복원할 수 있을 때만 재개한다. 확인된 음성 대화 장애 또는 이후 확정된 기기 관리 대응 정책의 복구 실패·복원 불가 시 기기에서 기술 문제로 종료하고 부모 앱은 기기 종료 확인 여부·확보 기록 범위를 구분한다. 종료 확인 미수신은 요청됨/확인 안 됨이며 원격 즉시 종료를 보장하지 않는다. [정책 제안·결정 필요] 필수 기기 관리 연결의 지속 장애를 기기가 자체 감지하면 기술적 일시 정지·복구 후 대기시간 내 실패 시 기기 종료. 단순 상태 갱신 지연과 구분하며 서버는 관리 정보 미수신만으로 실제 대화 중단을 단정하지 않는다. [결정 필요] 연결 구조·필수 관리 범위·장애 판정 및 복구 대기시간·재시도·재개 조건·기기 자체 중지와 고정 안내 지원. 가능하면 기기 자체 고정 안내를 제공하되 문구·횟수·적용 정책을 확정하기 전 지원을 약속하지 않는다. 불명확 발화·침묵·마이크 문제·AI 지연을 연결 장애로 일괄 판정하지 않고 FR-F10·F18을 따른다. | H22: 음성 연결만 장애일 때 확인된 기기는 대화 전송·재생을 멈추고 12/21에서 기술 복구 상태를 표시한다. 관리 연결만 장애면 대화 진행 여부는 미확인으로 표시하고 제안 정책을 확정 규칙처럼 적용하지 않는다. 복구 성공 테스트는 종료 전이며 종료 요청이 없고 상태·맥락 복원 조건을 충족한 경우에만 재개한다. 확인된 음성 장애 또는 확정된 관리 정책의 복구 실패/복원 불가는 기술 종료를 수행하되 기기 확인 미수신 시 완료로 표시하지 않는다. 이미 종료된 활동은 재개하지 않는다. 미정 시간·기기 지원을 확정하고 그 조건으로 시험한다. | I22: 활성 요구사항의 삭제가 아닌 개정 전(v0.8.2) 원문 보존. 현재 동작은 요구사항·공통규칙 참조.

Sheet 변경이력
A1: 버전 | B1: 날짜 | C1: 변경
A2: v1.1 | B2: 46301 | C2: [개요] v0.8.2를 기준으로 아동 서비스·보호자 서버 분리 구조(2-Spring v0.4)를 반영한 새 파일. 7개 시트·66개 요구사항 ID·자유대화/연습/기록 흐름 유지. 팀 결정 사항은 v0.8.2를 따른다.
A3: v1.1 | B3: 46301 | C3: [구조 결정] FR-A06·E11 재작성: 아동 기기는 세션 토큰으로 아동 서비스에만 연결, 아동 서비스가 GPT Live 중계, 기록은 보호자 서버 통합 저장. 기기 검색·등록·페어링 없음. 이전 문구는 제외·이관 탭에 보관. 공통규칙에 세션 토큰·기록 저장 주체·범위 밖(페어링) 추가.
A4: v1.1 | B4: 46301 | C4: [연결 용어] 음성 대화·기기 관리·부모 앱 연결 → 기기 연결·음성 모델 연결·부모 앱 연결. 음성 대화 장애는 아동 서비스가 직접 확인, 보호자 서버 상태 미수신은 기기 상태 확인 불가. 관리 연결만 장애 상태와 기기 자체 중지 정책 제안 삭제. B06·B10·C06·C08·F01·F14·F18·NFR-06·공통규칙·화면·라벨 문구 정리.
A5: v1.1 | B5: 46301 | C5: [종료] 종료 처리 중(ending) 상태 추가(B07·E10·F01, 화면 12·21). 종료 확인을 아동 서비스의 출력 중지·음성 모델 세션 종료 확인으로 정의. AC-CON-03·04를 음성 모델 연결·기기 연결 장애로 바꾸고 AC-CON-10(보호자 서버 상태 미수신) 추가.
A6: v1.1 | B6: 46301 | C6: [v1.0 결정 복원] 로그인 상태 유지(A01), 참여 전 준비 취소 시 취소 사실·시각만 기록(활동 시작 조건), 동의 철회 전 기록 유지·철회 후 도착 자료 미저장(A08), 결과 상태 ‘생성 실패’, 기본 종료 표현 ‘무중아 그만할래’.
A7: v1.1 | B7: 46301 | C7: [팀 결정 유지(v0.8.2)] 종료 의도 인식, 쉬기·재개 미제공(D-CON-11), 4분+2분 공백 자동 종료, 아동용 화면 범위 밖, FR-B12 미도입, 추가 종료 표현 제한 없음은 v0.8.2 유지. D-CON-01·02·08 결정 완료, 03~07 ADR 값, 09는 고정 안내 제공 여부만 결정 필요.
A8: v0.8.2 | B8: 46301 | C8: 연결 대상별 장애 정의 및 상태·복구·알림 규칙 보완. v0.8.1을 보존한 새 파일이며 7개 시트·66개 요구사항 ID·기존 자유대화/연습/기록 흐름을 유지한다.
A9: v0.8.2 | B9: 46301 | C9: [설계 전제] 독립형 음성 기기와 부모 앱 상태 분리. 실제 GPT Live 직접/서버중계·휴대폰 핫스팟/음성중계 의존은 결정 필요. 음성 대화·기기 관리·부모 앱의3기능 연결은 별도3물리연결 확정이 아님.
A10: v0.8.2 | B10: 46301 | C10: [활동·관측] FR-A06·B06·C06·F01·F18: 실제 진행/기술 정지와 조회 미확인을 분리. 마지막 확인·수신 시각, 실제 확보 이력으로 타임라인 보완. 앱 닫힘/앱만 오프라인은 활동 종료·기기장애 근거가 아님.
A11: v0.8.2 | B11: 46301 | C11: [종료 확인] FR-B07·B10·C08·F01·F11·NFR-06: 전송 불가/서버 요청 접수/기기 종료 확인 분리. 기기 확인 미수신은 완료·새 활동 시작 금지. 시작 요청도 서버 수락과 기기 실행 확인을 구분.
A12: v0.8.2 | B12: 46301 | C12: [복구] FR-E11·F14·NFR-06: 확인된 음성 장애의 기술 정지·복구, 지연 응답 억제, 종료 전 상태/맥락 복원 조건. 필수 관리 장애의 기기 자체 정지·복구 후 종료는 정책 제안으로 남김. 복구 실패/복원 불가는 기술 종료하되 확인 여부 분리.
A13: v0.8.2 | B13: 46301 | C13: [푸시] FR-A10: 서버 감시·발송 요청, 음성 장애/기기 상태 미확인/기술 종료 확인 문구 분리. 실제 전달·즉시 전달 보장 없음. 알림 선택·재진입 시 최신 세션 조회, 과거 알림으로 상태를 되돌리지 않음.
... A95: v0.4.1 | B95: 46294 | C95: FR-E05 음성 활동 제어를 호출어+명령어 키워드 방식으로 변경
A96: v0.4 | B96: - | C96: v0.3 대비 정합성 보완: 종료 사유·결과 상태·부족 사유 분리, 고정 연습 순서 제거, 미결정 D-ID 정리 등
